API Name,Nodes (N),Edges (E),Edge Density,Density (Decimal)
User Wallet,33,44,241​,0.0417
Food Delivery,18,19,30619​,0.0621
Countries,12,6,221​,0.0455
React-Finland,32,19,99219​,0.0191
Rick & Morty,32,19,99219​,0.0191
JSON-GraphQL-Server,51,75,341​,0.0294
GraphQL-Zero,52,44,66311​,0.0166
Anilist,180,48,"32,22048​",0.001489
EHRI,65,28,416028​,0.00673
Universe,360,239,"129,240239​",0.001849
PokeAPI,2450,459,"5,999,050459​",0.0000765
TCGDex,18,9,341​,0.0294